institute_id,institute_name,district,department,year,enrollment,seats_available,faculty_count,student_faculty_ratio,placement_pct,dropout_pct,avg_package_lpa,infrastructure_score,funding_lakhs
INST_001,COEP Technological University,Pune,Computer Engineering,2019,125,130,11,11.4,99.5,3.3,13.37,8.2,243.98
INST_001,COEP Technological University,Pune,Computer Engineering,2020,120,120,9,13.3,99.5,6.1,13.67,8.2,267.53
INST_001,COEP Technological University,Pune,Computer Engineering,2021,140,140,11,12.7,99.5,3.6,14.84,8.2,283.82
INST_001,COEP Technological University,Pune,Computer Engineering,2022,140,140,11,12.7,99.5,4.0,15.87,8.2,281.59
INST_001,COEP Technological University,Pune,Computer Engineering,2023,150,150,10,15.0,99.5,4.6,16.58,8.2,286.66
INST_001,COEP Technological University,Pune,Computer Engineering,2024,170,170,14,12.1,99.5,4.5,17.48,8.2,314.98
INST_001,COEP Technological University,Pune,Electronics & Telecommunication,2019,120,120,10,12.0,94.3,5.6,9.52,7.6,217.87
INST_001,COEP Technological University,Pune,Electronics & Telecommunication,2020,118,120,10,11.8,93.2,8.9,10.18,7.6,235.78
INST_001,COEP Technological University,Pune,Electronics & Telecommunication,2021,130,130,11,11.8,91.5,4.6,11.81,7.6,260.12
INST_001,COEP Technological University,Pune,Electronics & Telecommunication,2022,110,110,9,12.2,95.8,5.2,12.29,7.6,268.62
INST_001,COEP Technological University,Pune,Electronics & Telecommunication,2023,120,120,8,15.0,98.4,5.2,12.48,7.6,273.34
INST_001,COEP Technological University,Pune,Electronics & Telecommunication,2024,120,120,7,17.1,98.9,6.8,13.74,7.6,282.1
INST_001,COEP Technological University,Pune,Mechanical Engineering,2019,109,120,9,12.1,82.3,7.0,7.92,7.7,231.28
INST_001,COEP Technological University,Pune,Mechanical Engineering,2020,111,115,9,12.3,78.2,11.3,8.6,7.7,251.53
INST_001,COEP Technological University,Pune,Mechanical Engineering,2021,95,110,7,13.6,76.7,10.4,8.78,7.7,273.79
INST_001,COEP Technological University,Pune,Mechanical Engineering,2022,81,95,7,11.6,92.0,7.7,10.05,7.7,277.88
INST_001,COEP Technological University,Pune,Mechanical Engineering,2023,77,90,5,15.4,85.4,8.9,10.49,7.7,293.23
INST_001,COEP Technological University,Pune,Mechanical Engineering,2024,86,105,6,14.3,87.8,7.9,11.29,7.7,302.41
INST_001,COEP Technological University,Pune,Civil Engineering,2019,64,70,4,16.0,74.5,11.1,7.23,8.3,234.49
INST_001,COEP Technological University,Pune,Civil Engineering,2020,57,65,4,14.2,72.3,12.2,7.07,8.3,245.3
INST_001,COEP Technological University,Pune,Civil Engineering,2021,35,40,3,11.7,75.8,9.7,8.03,8.3,262.17
INST_001,COEP Technological University,Pune,Civil Engineering,2022,45,55,4,11.2,83.9,9.2,9.73,8.3,289.07
INST_001,COEP Technological University,Pune,Civil Engineering,2023,33,40,3,11.0,81.4,8.1,10.06,8.3,284.53
INST_001,COEP Technological University,Pune,Civil Engineering,2024,23,30,3,7.7,84.0,8.1,10.4,8.3,287.04
INST_001,COEP Technological University,Pune,MBA / Management Studies,2019,47,50,3,15.7,97.3,4.4,11.93,8.7,264.77
INST_001,COEP Technological University,Pune,MBA / Management Studies,2020,55,55,4,13.8,92.3,7.2,12.54,8.7,267.19
INST_001,COEP Technological University,Pune,MBA / Management Studies,2021,80,80,5,16.0,99.5,6.3,12.51,8.7,285.14
INST_001,COEP Technological University,Pune,MBA / Management Studies,2022,65,65,5,13.0,99.5,5.2,13.54,8.7,292.52
INST_001,COEP Technological University,Pune,MBA / Management Studies,2023,90,90,6,15.0,99.5,3.7,13.23,8.7,292.13
INST_001,COEP Technological University,Pune,MBA / Management Studies,2024,85,85,8,10.6,99.5,3.4,15.03,8.7,317.52
INST_002,Sinhgad College of Engineering,Pune,Computer Engineering,2019,106,130,8,13.2,85.2,2.8,11.83,7.1,124.51
INST_002,Sinhgad College of Engineering,Pune,Computer Engineering,2020,112,120,10,11.2,85.6,7.6,12.58,7.1,153.2
INST_002,Sinhgad College of Engineering,Pune,Computer Engineering,2021,129,130,9,14.3,81.4,5.4,12.77,7.1,161.12
INST_002,Sinhgad College of Engineering,Pune,Computer Engineering,2022,150,150,8,18.8,93.0,5.7,13.57,7.1,161.83
INST_002,Sinhgad College of Engineering,Pune,Computer Engineering,2023,150,150,9,16.7,95.6,4.5,13.85,7.1,180.1
INST_002,Sinhgad College of Engineering,Pune,Computer Engineering,2024,180,180,10,18.0,93.7,6.1,13.9,7.1,193.32
INST_002,Sinhgad College of Engineering,Pune,Electronics & Telecommunication,2019,97,120,6,16.2,80.9,6.8,8.83,6.6,106.5
INST_002,Sinhgad College of Engineering,Pune,Electronics & Telecommunication,2020,108,130,5,21.6,69.3,12.4,8.59,6.6,114.74
INST_002,Sinhgad College of Engineering,Pune,Electronics & Telecommunication,2021,115,130,4,28.8,67.4,9.8,9.2,6.6,140.25
INST_002,Sinhgad College of Engineering,Pune,Electronics & Telecommunication,2022,101,110,6,16.8,80.3,6.2,9.83,6.6,143.12
INST_002,Sinhgad College of Engineering,Pune,Electronics & Telecommunication,2023,130,130,8,16.2,79.0,6.7,10.64,6.6,161.94
INST_002,Sinhgad College of Engineering,Pune,Electronics & Telecommunication,2024,110,110,6,18.3,81.0,7.3,11.44,6.6,166.48
INST_002,Sinhgad College of Engineering,Pune,Mechanical Engineering,2019,98,120,5,19.6,64.5,9.5,6.53,6.6,118.62
INST_002,Sinhgad College of Engineering,Pune,Mechanical Engineering,2020,91,115,6,15.2,62.9,11.9,7.74,6.6,121.94
INST_002,Sinhgad College of Engineering,Pune,Mechanical Engineering,2021,75,100,5,15.0,66.4,7.9,7.27,6.6,144.99
INST_002,Sinhgad College of Engineering,Pune,Mechanical Engineering,2022,75,105,5,15.0,69.7,9.5,8.18,6.6,157.5
INST_002,Sinhgad College of Engineering,Pune,Mechanical Engineering,2023,62,90,3,20.7,69.7,11.8,8.47,6.6,162.55
INST_002,Sinhgad College of Engineering,Pune,Mechanical Engineering,2024,59,95,3,19.7,75.0,10.6,9.81,6.6,179.69
INST_002,Sinhgad College of Engineering,Pune,Civil Engineering,2019,57,70,5,11.4,64.7,9.7,5.83,6.8,107.02
INST_002,Sinhgad College of Engineering,Pune,Civil Engineering,2020,41,55,3,13.7,59.5,13.6,6.98,6.8,114.72
INST_002,Sinhgad College of Engineering,Pune,Civil Engineering,2021,44,60,3,14.7,62.5,9.4,5.83,6.8,127.73
INST_002,Sinhgad College of Engineering,Pune,Civil Engineering,2022,39,55,3,13.0,66.3,8.9,7.59,6.8,140.23
INST_002,Sinhgad College of Engineering,Pune,Civil Engineering,2023,27,40,3,9.0,70.8,9.3,7.65,6.8,160.63
INST_002,Sinhgad College of Engineering,Pune,Civil Engineering,2024,20,35,3,6.7,71.0,8.5,8.83,6.8,174.41
INST_002,Sinhgad College of Engineering,Pune,MBA / Management Studies,2019,47,60,3,15.7,77.8,7.0,9.38,7.0,122.49
INST_002,Sinhgad College of Engineering,Pune,MBA / Management Studies,2020,61,65,3,20.3,72.6,9.5,8.74,7.0,128.61
INST_002,Sinhgad College of Engineering,Pune,MBA / Management Studies,2021,66,70,3,22.0,74.7,6.1,11.26,7.0,132.87
INST_002,Sinhgad College of Engineering,Pune,MBA / Management Studies,2022,65,65,5,13.0,87.4,5.0,10.96,7.0,154.56
INST_002,Sinhgad College of Engineering,Pune,MBA / Management Studies,2023,80,80,4,20.0,87.7,6.4,12.18,7.0,165.82
INST_002,Sinhgad College of Engineering,Pune,MBA / Management Studies,2024,85,85,6,14.2,84.1,5.0,12.2,7.0,181.19
INST_003,MIT World Peace University,Pune,Computer Engineering,2019,94,120,4,23.5,79.9,6.4,11.67,6.6,133.3
INST_003,MIT World Peace University,Pune,Computer Engineering,2020,116,130,6,19.3,80.9,10.5,12.16,6.6,153.75
INST_003,MIT World Peace University,Pune,Computer Engineering,2021,130,130,10,13.0,87.8,4.0,13.27,6.6,157.54
INST_003,MIT World Peace University,Pune,Computer Engineering,2022,160,160,7,22.9,83.9,5.1,13.17,6.6,171.08
INST_003,MIT World Peace University,Pune,Computer Engineering,2023,160,160,9,17.8,91.0,4.0,14.38,6.6,182.51
INST_003,MIT World Peace University,Pune,Computer Engineering,2024,170,170,10,17.0,91.5,3.9,14.5,6.6,192.57
INST_003,MIT World Peace University,Pune,Electronics & Telecommunication,2019,90,110,3,30.0,76.6,9.0,8.81,7.2,91.88
INST_003,MIT World Peace University,Pune,Electronics & Telecommunication,2020,92,110,4,23.0,69.9,11.9,8.11,7.2,114.41
INST_003,MIT World Peace University,Pune,Electronics & Telecommunication,2021,110,120,6,18.3,70.2,5.9,9.23,7.2,118.47
INST_003,MIT World Peace University,Pune,Electronics & Telecommunication,2022,109,120,6,18.2,80.1,5.1,9.75,7.2,134.72
INST_003,MIT World Peace University,Pune,Electronics & Telecommunication,2023,120,120,6,20.0,77.7,7.4,10.49,7.2,146.67
INST_003,MIT World Peace University,Pune,Electronics & Telecommunication,2024,130,130,5,26.0,76.1,9.9,11.82,7.2,156.39
INST_003,MIT World Peace University,Pune,Mechanical Engineering,2019,95,120,6,15.8,64.5,8.7,6.11,7.0,129.28
INST_003,MIT World Peace University,Pune,Mechanical Engineering,2020,92,125,4,23.0,58.4,13.4,7.21,7.0,143.95
INST_003,MIT World Peace University,Pune,Mechanical Engineering,2021,78,100,3,26.0,67.0,10.9,7.9,7.0,161.84
INST_003,MIT World Peace University,Pune,Mechanical Engineering,2022,64,95,3,21.3,66.8,9.1,8.76,7.0,175.94
INST_003,MIT World Peace University,Pune,Mechanical Engineering,2023,56,90,3,18.7,70.0,8.6,9.49,7.0,172.34
INST_003,MIT World Peace University,Pune,Mechanical Engineering,2024,59,95,3,19.7,66.4,10.4,9.7,7.0,183.99
INST_003,MIT World Peace University,Pune,Civil Engineering,2019,51,60,3,17.0,61.8,11.3,4.93,6.9,145.04
INST_003,MIT World Peace University,Pune,Civil Engineering,2020,41,55,3,13.7,56.3,11.4,5.59,6.9,136.49
INST_003,MIT World Peace University,Pune,Civil Engineering,2021,45,60,3,15.0,59.2,9.5,6.9,6.9,151.92
INST_003,MIT World Peace University,Pune,Civil Engineering,2022,37,55,3,12.3,65.3,10.1,8.15,6.9,166.28
INST_003,MIT World Peace University,Pune,Civil Engineering,2023,36,50,3,12.0,67.8,9.6,8.43,6.9,177.25
INST_003,MIT World Peace University,Pune,Civil Engineering,2024,21,35,3,7.0,72.1,8.1,9.38,6.9,186.14
INST_003,MIT World Peace University,Pune,MBA / Management Studies,2019,49,60,3,16.3,78.2,5.5,9.57,6.9,115.77
INST_003,MIT World Peace University,Pune,MBA / Management Studies,2020,57,65,4,14.2,76.4,9.5,9.46,6.9,107.98
INST_003,MIT World Peace University,Pune,MBA / Management Studies,2021,62,70,5,12.4,74.6,5.8,10.74,6.9,119.11
INST_003,MIT World Peace University,Pune,MBA / Management Studies,2022,75,75,5,15.0,81.0,6.6,11.17,6.9,146.5
INST_003,MIT World Peace University,Pune,MBA / Management Studies,2023,80,80,4,20.0,86.3,7.7,11.35,6.9,164.92
INST_003,MIT World Peace University,Pune,MBA / Management Studies,2024,75,75,5,15.0,86.8,6.3,12.84,6.9,170.26
INST_004,Veermata Jijabai Technological Institute (VJTI),Mumbai,Computer Engineering,2019,109,110,10,10.9,99.5,4.6,13.79,7.8,236.27
INST_004,Veermata Jijabai Technological Institute (VJTI),Mumbai,Computer Engineering,2020,140,140,11,12.7,99.5,5.9,16.2,7.8,254.74
INST_004,Veermata Jijabai Technological Institute (VJTI),Mumbai,Computer Engineering,2021,150,150,13,11.5,99.5,4.1,15.26,7.8,264.24
INST_004,Veermata Jijabai Technological Institute (VJTI),Mumbai,Computer Engineering,2022,160,160,12,13.3,99.5,4.6,17.44,7.8,281.9
INST_004,Veermata Jijabai Technological Institute (VJTI),Mumbai,Computer Engineering,2023,160,160,12,13.3,99.5,3.5,16.32,7.8,291.68
INST_004,Veermata Jijabai Technological Institute (VJTI),Mumbai,Computer Engineering,2024,160,160,12,13.3,99.5,2.9,17.21,7.8,315.06
INST_004,Veermata Jijabai Technological Institute (VJTI),Mumbai,Electronics & Telecommunication,2019,125,130,8,15.6,95.5,5.5,9.55,7.9,221.69
INST_004,Veermata Jijabai Technological Institute (VJTI),Mumbai,Electronics & Telecommunication,2020,116,120,9,12.9,88.5,8.2,10.6,7.9,240.72
INST_004,Veermata Jijabai Technological Institute (VJTI),Mumbai,Electronics & Telecommunication,2021,120,120,8,15.0,94.6,5.6,10.98,7.9,234.46
INST_004,Veermata Jijabai Technological Institute (VJTI),Mumbai,Electronics & Telecommunication,2022,120,120,9,13.3,96.6,5.5,11.67,7.9,275.48
INST_004,Veermata Jijabai Technological Institute (VJTI),Mumbai,Electronics & Telecommunication,2023,120,120,12,10.0,99.5,4.6,12.25,7.9,269.73
INST_004,Veermata Jijabai Technological Institute (VJTI),Mumbai,Electronics & Telecommunication,2024,130,130,11,11.8,99.5,4.0,12.82,7.9,286.9
INST_004,Veermata Jijabai Technological Institute (VJTI),Mumbai,Mechanical Engineering,2019,118,120,7,16.9,79.4,8.3,9.41,8.2,239.6
INST_004,Veermata Jijabai Technological Institute (VJTI),Mumbai,Mechanical Engineering,2020,104,115,8,13.0,76.3,11.4,8.6,8.2,247.41
INST_004,Veermata Jijabai Technological Institute (VJTI),Mumbai,Mechanical Engineering,2021,102,110,8,12.8,80.2,6.9,9.02,8.2,260.35
INST_004,Veermata Jijabai Technological Institute (VJTI),Mumbai,Mechanical Engineering,2022,85,105,8,10.6,85.2,6.5,10.58,8.2,260.39
INST_004,Veermata Jijabai Technological Institute (VJTI),Mumbai,Mechanical Engineering,2023,73,90,7,10.4,88.3,8.1,10.34,8.2,290.19
INST_004,Veermata Jijabai Technological Institute (VJTI),Mumbai,Mechanical Engineering,2024,74,95,6,12.3,90.5,8.5,11.18,8.2,299.61
INST_004,Veermata Jijabai Technological Institute (VJTI),Mumbai,Civil Engineering,2019,59,60,6,9.8,73.5,8.2,6.75,7.9,263.98
INST_004,Veermata Jijabai Technological Institute (VJTI),Mumbai,Civil Engineering,2020,48,55,4,12.0,68.4,12.6,8.85,7.9,266.89
INST_004,Veermata Jijabai Technological Institute (VJTI),Mumbai,Civil Engineering,2021,43,50,4,10.8,73.4,8.3,8.91,7.9,265.81
INST_004,Veermata Jijabai Technological Institute (VJTI),Mumbai,Civil Engineering,2022,40,45,4,10.0,76.7,7.6,8.74,7.9,285.35
INST_004,Veermata Jijabai Technological Institute (VJTI),Mumbai,Civil Engineering,2023,24,30,3,8.0,85.6,8.0,10.02,7.9,309.15
INST_004,Veermata Jijabai Technological Institute (VJTI),Mumbai,Civil Engineering,2024,28,35,3,9.3,84.8,8.6,10.55,7.9,296.99
INST_004,Veermata Jijabai Technological Institute (VJTI),Mumbai,MBA / Management Studies,2019,58,60,3,19.3,90.9,6.1,10.98,8.0,225.87
INST_004,Veermata Jijabai Technological Institute (VJTI),Mumbai,MBA / Management Studies,2020,65,65,7,9.3,98.4,6.5,12.42,8.0,259.9
INST_004,Veermata Jijabai Technological Institute (VJTI),Mumbai,MBA / Management Studies,2021,70,70,5,14.0,96.8,6.7,13.05,8.0,274.41
INST_004,Veermata Jijabai Technological Institute (VJTI),Mumbai,MBA / Management Studies,2022,75,75,7,10.7,99.5,4.8,12.54,8.0,275.66
INST_004,Veermata Jijabai Technological Institute (VJTI),Mumbai,MBA / Management Studies,2023,80,80,6,13.3,99.5,4.5,12.92,8.0,285.88
INST_004,Veermata Jijabai Technological Institute (VJTI),Mumbai,MBA / Management Studies,2024,95,95,8,11.9,99.5,5.1,14.51,8.0,300.36
INST_005,Sardar Patel Institute of Technology (SPIT),Mumbai,Computer Engineering,2019,109,120,10,10.9,99.5,5.4,14.41,8.4,250.37
INST_005,Sardar Patel Institute of Technology (SPIT),Mumbai,Computer Engineering,2020,130,130,10,13.0,99.5,5.2,14.65,8.4,262.61
INST_005,Sardar Patel Institute of Technology (SPIT),Mumbai,Computer Engineering,2021,140,140,11,12.7,99.5,4.5,15.7,8.4,266.1
INST_005,Sardar Patel Institute of Technology (SPIT),Mumbai,Computer Engineering,2022,160,160,13,12.3,99.5,4.7,17.32,8.4,275.36
INST_005,Sardar Patel Institute of Technology (SPIT),Mumbai,Computer Engineering,2023,150,150,10,15.0,99.5,3.7,17.64,8.4,291.61
INST_005,Sardar Patel Institute of Technology (SPIT),Mumbai,Computer Engineering,2024,170,170,12,14.2,99.5,3.2,16.41,8.4,292.6
INST_005,Sardar Patel Institute of Technology (SPIT),Mumbai,Electronics & Telecommunication,2019,112,120,9,12.4,94.5,5.4,10.12,7.6,267.66
INST_005,Sardar Patel Institute of Technology (SPIT),Mumbai,Electronics & Telecommunication,2020,116,120,9,12.9,90.6,8.8,10.74,7.6,291.88
INST_005,Sardar Patel Institute of Technology (SPIT),Mumbai,Electronics & Telecommunication,2021,120,120,9,13.3,92.7,6.0,10.58,7.6,288.81
INST_005,Sardar Patel Institute of Technology (SPIT),Mumbai,Electronics & Telecommunication,2022,120,120,8,15.0,99.3,6.8,11.97,7.6,293.23
INST_005,Sardar Patel Institute of Technology (SPIT),Mumbai,Electronics & Telecommunication,2023,120,120,10,12.0,99.5,6.1,11.65,7.6,302.51
INST_005,Sardar Patel Institute of Technology (SPIT),Mumbai,Electronics & Telecommunication,2024,120,120,10,12.0,99.5,6.8,12.91,7.6,313.85
INST_005,Sardar Patel Institute of Technology (SPIT),Mumbai,Mechanical Engineering,2019,114,120,8,14.2,83.7,8.4,9.06,7.4,245.6
INST_005,Sardar Patel Institute of Technology (SPIT),Mumbai,Mechanical Engineering,2020,91,105,7,13.0,79.0,11.3,9.19,7.4,254.41
INST_005,Sardar Patel Institute of Technology (SPIT),Mumbai,Mechanical Engineering,2021,105,120,7,15.0,79.9,8.0,9.42,7.4,261.77
INST_005,Sardar Patel Institute of Technology (SPIT),Mumbai,Mechanical Engineering,2022,90,105,7,12.9,89.4,7.4,10.11,7.4,271.89
INST_005,Sardar Patel Institute of Technology (SPIT),Mumbai,Mechanical Engineering,2023,81,100,7,11.6,90.1,6.2,10.38,7.4,279.98
INST_005,Sardar Patel Institute of Technology (SPIT),Mumbai,Mechanical Engineering,2024,72,85,6,12.0,90.4,7.5,11.39,7.4,299.42
INST_005,Sardar Patel Institute of Technology (SPIT),Mumbai,Civil Engineering,2019,58,60,5,11.6,78.2,8.4,7.63,8.5,236.19
INST_005,Sardar Patel Institute of Technology (SPIT),Mumbai,Civil Engineering,2020,52,55,3,17.3,69.7,13.6,8.63,8.5,239.85
INST_005,Sardar Patel Institute of Technology (SPIT),Mumbai,Civil Engineering,2021,45,50,3,15.0,76.7,9.8,8.87,8.5,248.42
INST_005,Sardar Patel Institute of Technology (SPIT),Mumbai,Civil Engineering,2022,48,55,5,9.6,81.6,7.4,8.99,8.5,269.44
INST_005,Sardar Patel Institute of Technology (SPIT),Mumbai,Civil Engineering,2023,37,50,3,12.3,85.5,8.3,9.26,8.5,281.5
INST_005,Sardar Patel Institute of Technology (SPIT),Mumbai,Civil Engineering,2024,25,35,3,8.3,85.5,8.9,10.42,8.5,292.03
INST_005,Sardar Patel Institute of Technology (SPIT),Mumbai,MBA / Management Studies,2019,48,50,3,16.0,99.5,6.7,11.68,8.2,244.08
INST_005,Sardar Patel Institute of Technology (SPIT),Mumbai,MBA / Management Studies,2020,55,55,4,13.8,91.1,8.4,11.78,8.2,276.68
INST_005,Sardar Patel Institute of Technology (SPIT),Mumbai,MBA / Management Studies,2021,70,70,4,17.5,92.8,7.2,13.31,8.2,286.65
INST_005,Sardar Patel Institute of Technology (SPIT),Mumbai,MBA / Management Studies,2022,65,65,5,13.0,99.5,3.9,14.05,8.2,299.73
INST_005,Sardar Patel Institute of Technology (SPIT),Mumbai,MBA / Management Studies,2023,80,80,5,16.0,99.5,6.4,14.22,8.2,296.89
INST_005,Sardar Patel Institute of Technology (SPIT),Mumbai,MBA / Management Studies,2024,95,95,7,13.6,99.5,4.3,15.41,8.2,319.58
INST_006,Shah & Anchor Kutchhi Engineering College,Mumbai,Computer Engineering,2019,98,120,7,14.0,91.7,4.2,12.58,7.0,139.6
INST_006,Shah & Anchor Kutchhi Engineering College,Mumbai,Computer Engineering,2020,128,130,6,21.3,84.3,9.4,11.77,7.0,138.35
INST_006,Shah & Anchor Kutchhi Engineering College,Mumbai,Computer Engineering,2021,139,140,9,15.4,88.0,4.6,12.61,7.0,162.56
INST_006,Shah & Anchor Kutchhi Engineering College,Mumbai,Computer Engineering,2022,140,140,8,17.5,87.2,5.9,12.74,7.0,170.74
INST_006,Shah & Anchor Kutchhi Engineering College,Mumbai,Computer Engineering,2023,170,170,8,21.2,90.7,5.9,14.47,7.0,176.02
INST_006,Shah & Anchor Kutchhi Engineering College,Mumbai,Computer Engineering,2024,170,170,8,21.2,91.6,7.0,15.34,7.0,186.55
INST_006,Shah & Anchor Kutchhi Engineering College,Mumbai,Electronics & Telecommunication,2019,98,120,7,14.0,73.9,4.6,8.62,7.2,118.41
INST_006,Shah & Anchor Kutchhi Engineering College,Mumbai,Electronics & Telecommunication,2020,103,120,5,20.6,71.8,10.3,7.77,7.2,131.02
INST_006,Shah & Anchor Kutchhi Engineering College,Mumbai,Electronics & Telecommunication,2021,104,110,4,26.0,74.9,9.5,9.33,7.2,137.71
INST_006,Shah & Anchor Kutchhi Engineering College,Mumbai,Electronics & Telecommunication,2022,109,120,7,15.6,79.8,6.5,9.78,7.2,159.24
INST_006,Shah & Anchor Kutchhi Engineering College,Mumbai,Electronics & Telecommunication,2023,129,130,8,16.1,80.8,4.8,9.96,7.2,170.82
INST_006,Shah & Anchor Kutchhi Engineering College,Mumbai,Electronics & Telecommunication,2024,120,120,5,24.0,78.5,8.8,11.42,7.2,189.2
INST_006,Shah & Anchor Kutchhi Engineering College,Mumbai,Mechanical Engineering,2019,92,110,5,18.4,70.0,11.3,6.34,7.3,115.05
INST_006,Shah & Anchor Kutchhi Engineering College,Mumbai,Mechanical Engineering,2020,91,115,5,18.2,62.8,10.8,7.56,7.3,133.43
INST_006,Shah & Anchor Kutchhi Engineering College,Mumbai,Mechanical Engineering,2021,89,120,3,29.7,60.5,10.6,7.33,7.3,146.7
INST_006,Shah & Anchor Kutchhi Engineering College,Mumbai,Mechanical Engineering,2022,75,105,4,18.8,73.0,9.4,8.57,7.3,147.32
INST_006,Shah & Anchor Kutchhi Engineering College,Mumbai,Mechanical Engineering,2023,75,110,4,18.8,72.3,9.6,8.7,7.3,168.89
INST_006,Shah & Anchor Kutchhi Engineering College,Mumbai,Mechanical Engineering,2024,65,95,5,13.0,77.3,7.1,10.32,7.3,169.49
INST_006,Shah & Anchor Kutchhi Engineering College,Mumbai,Civil Engineering,2019,45,60,3,15.0,60.3,10.3,5.5,6.9,106.07
INST_006,Shah & Anchor Kutchhi Engineering College,Mumbai,Civil Engineering,2020,39,55,3,13.0,61.1,13.1,6.76,6.9,125.77
INST_006,Shah & Anchor Kutchhi Engineering College,Mumbai,Civil Engineering,2021,43,60,3,14.3,61.9,8.9,7.55,6.9,120.99
INST_006,Shah & Anchor Kutchhi Engineering College,Mumbai,Civil Engineering,2022,33,45,3,11.0,64.8,7.5,7.28,6.9,134.1
INST_006,Shah & Anchor Kutchhi Engineering College,Mumbai,Civil Engineering,2023,20,30,3,6.7,71.6,7.3,8.2,6.9,169.65
INST_006,Shah & Anchor Kutchhi Engineering College,Mumbai,Civil Engineering,2024,21,35,3,7.0,70.7,8.2,8.22,6.9,156.42
INST_006,Shah & Anchor Kutchhi Engineering College,Mumbai,MBA / Management Studies,2019,36,50,3,12.0,86.0,5.0,9.29,7.4,107.21
INST_006,Shah & Anchor Kutchhi Engineering College,Mumbai,MBA / Management Studies,2020,59,65,4,14.8,77.6,8.4,9.42,7.4,102.39
INST_006,Shah & Anchor Kutchhi Engineering College,Mumbai,MBA / Management Studies,2021,68,70,6,11.3,81.6,4.8,11.63,7.4,124.47
INST_006,Shah & Anchor Kutchhi Engineering College,Mumbai,MBA / Management Studies,2022,75,75,5,15.0,83.8,4.3,10.93,7.4,127.37
INST_006,Shah & Anchor Kutchhi Engineering College,Mumbai,MBA / Management Studies,2023,90,90,5,18.0,84.1,5.6,11.32,7.4,144.87
INST_006,Shah & Anchor Kutchhi Engineering College,Mumbai,MBA / Management Studies,2024,75,75,5,15.0,88.8,6.6,12.26,7.4,149.2
INST_007,Visvesvaraya National Institute of Technology (VNIT),Nagpur,Computer Engineering,2019,120,120,10,12.0,99.5,4.5,14.14,8.0,249.5
INST_007,Visvesvaraya National Institute of Technology (VNIT),Nagpur,Computer Engineering,2020,130,130,11,11.8,99.5,6.0,15.38,8.0,265.67
INST_007,Visvesvaraya National Institute of Technology (VNIT),Nagpur,Computer Engineering,2021,130,130,11,11.8,99.5,3.9,15.0,8.0,280.15
INST_007,Visvesvaraya National Institute of Technology (VNIT),Nagpur,Computer Engineering,2022,150,150,12,12.5,99.5,3.6,16.2,8.0,292.97
INST_007,Visvesvaraya National Institute of Technology (VNIT),Nagpur,Computer Engineering,2023,150,150,10,15.0,99.5,3.3,17.11,8.0,293.75
INST_007,Visvesvaraya National Institute of Technology (VNIT),Nagpur,Computer Engineering,2024,170,170,11,15.5,99.5,5.4,17.53,8.0,313.88
INST_007,Visvesvaraya National Institute of Technology (VNIT),Nagpur,Electronics & Telecommunication,2019,117,120,8,14.6,88.7,7.2,9.28,7.4,248.67
INST_007,Visvesvaraya National Institute of Technology (VNIT),Nagpur,Electronics & Telecommunication,2020,130,130,9,14.4,89.9,7.6,10.77,7.4,277.12
INST_007,Visvesvaraya National Institute of Technology (VNIT),Nagpur,Electronics & Telecommunication,2021,120,120,8,15.0,86.8,5.0,11.19,7.4,283.36
INST_007,Visvesvaraya National Institute of Technology (VNIT),Nagpur,Electronics & Telecommunication,2022,110,110,8,13.8,95.1,6.2,11.34,7.4,295.1
INST_007,Visvesvaraya National Institute of Technology (VNIT),Nagpur,Electronics & Telecommunication,2023,120,120,9,13.3,97.4,6.2,12.08,7.4,308.64
INST_007,Visvesvaraya National Institute of Technology (VNIT),Nagpur,Electronics & Telecommunication,2024,120,120,9,13.3,99.5,5.5,13.35,7.4,326.1
INST_007,Visvesvaraya National Institute of Technology (VNIT),Nagpur,Mechanical Engineering,2019,110,120,8,13.8,85.2,8.2,8.22,7.7,229.26
INST_007,Visvesvaraya National Institute of Technology (VNIT),Nagpur,Mechanical Engineering,2020,109,115,8,13.6,79.1,11.1,8.53,7.7,245.74
INST_007,Visvesvaraya National Institute of Technology (VNIT),Nagpur,Mechanical Engineering,2021,110,120,6,18.3,81.8,10.1,10.21,7.7,256.11
INST_007,Visvesvaraya National Institute of Technology (VNIT),Nagpur,Mechanical Engineering,2022,97,115,8,12.1,86.7,7.1,10.19,7.7,258.84
INST_007,Visvesvaraya National Institute of Technology (VNIT),Nagpur,Mechanical Engineering,2023,83,100,7,11.9,89.0,8.2,9.54,7.7,276.29
INST_007,Visvesvaraya National Institute of Technology (VNIT),Nagpur,Mechanical Engineering,2024,92,105,7,13.1,88.1,8.4,9.86,7.7,290.54
INST_007,Visvesvaraya National Institute of Technology (VNIT),Nagpur,Civil Engineering,2019,49,50,3,16.3,74.0,10.1,7.04,7.9,237.53
INST_007,Visvesvaraya National Institute of Technology (VNIT),Nagpur,Civil Engineering,2020,41,45,3,13.7,69.5,12.4,7.25,7.9,251.91
INST_007,Visvesvaraya National Institute of Technology (VNIT),Nagpur,Civil Engineering,2021,41,50,4,10.2,77.6,7.1,8.17,7.9,254.3
INST_007,Visvesvaraya National Institute of Technology (VNIT),Nagpur,Civil Engineering,2022,37,45,3,12.3,79.4,8.6,9.2,7.9,266.09
INST_007,Visvesvaraya National Institute of Technology (VNIT),Nagpur,Civil Engineering,2023,25,30,3,8.3,81.6,7.6,9.35,7.9,279.06
INST_007,Visvesvaraya National Institute of Technology (VNIT),Nagpur,Civil Engineering,2024,20,30,3,6.7,82.2,7.6,9.66,7.9,280.7
INST_007,Visvesvaraya National Institute of Technology (VNIT),Nagpur,MBA / Management Studies,2019,57,60,3,19.0,97.5,7.4,11.0,8.2,266.02
INST_007,Visvesvaraya National Institute of Technology (VNIT),Nagpur,MBA / Management Studies,2020,65,65,5,13.0,90.5,9.4,11.5,8.2,273.07
INST_007,Visvesvaraya National Institute of Technology (VNIT),Nagpur,MBA / Management Studies,2021,60,60,3,20.0,95.2,7.5,12.55,8.2,293.6
INST_007,Visvesvaraya National Institute of Technology (VNIT),Nagpur,MBA / Management Studies,2022,75,75,7,10.7,99.5,5.7,13.64,8.2,293.48
INST_007,Visvesvaraya National Institute of Technology (VNIT),Nagpur,MBA / Management Studies,2023,80,80,5,16.0,99.5,6.6,13.43,8.2,292.09
INST_007,Visvesvaraya National Institute of Technology (VNIT),Nagpur,MBA / Management Studies,2024,85,85,7,12.1,99.5,4.6,14.54,8.2,335.16
INST_008,Shri Ramdeobaba College of Engineering,Nagpur,Computer Engineering,2019,99,120,7,14.1,85.7,4.6,11.51,6.7,117.01
INST_008,Shri Ramdeobaba College of Engineering,Nagpur,Computer Engineering,2020,106,120,5,21.2,82.7,8.8,11.58,6.7,137.64
INST_008,Shri Ramdeobaba College of Engineering,Nagpur,Computer Engineering,2021,150,150,6,25.0,77.6,7.1,13.17,6.7,145.63
INST_008,Shri Ramdeobaba College of Engineering,Nagpur,Computer Engineering,2022,140,140,9,15.6,86.8,4.5,13.44,6.7,149.95
INST_008,Shri Ramdeobaba College of Engineering,Nagpur,Computer Engineering,2023,160,160,9,17.8,88.6,5.1,13.39,6.7,168.81
INST_008,Shri Ramdeobaba College of Engineering,Nagpur,Computer Engineering,2024,170,170,10,17.0,93.7,6.1,14.32,6.7,174.64
INST_008,Shri Ramdeobaba College of Engineering,Nagpur,Electronics & Telecommunication,2019,84,110,4,21.0,74.2,7.7,7.98,6.4,106.85
INST_008,Shri Ramdeobaba College of Engineering,Nagpur,Electronics & Telecommunication,2020,97,120,6,16.2,72.6,9.8,9.02,6.4,96.0
INST_008,Shri Ramdeobaba College of Engineering,Nagpur,Electronics & Telecommunication,2021,103,120,6,17.2,72.5,6.6,8.79,6.4,121.78
INST_008,Shri Ramdeobaba College of Engineering,Nagpur,Electronics & Telecommunication,2022,106,110,5,21.2,76.5,8.3,10.42,6.4,126.67
INST_008,Shri Ramdeobaba College of Engineering,Nagpur,Electronics & Telecommunication,2023,120,120,6,20.0,81.4,8.7,10.48,6.4,131.65
INST_008,Shri Ramdeobaba College of Engineering,Nagpur,Electronics & Telecommunication,2024,120,120,7,17.1,81.8,6.8,11.41,6.4,143.09
INST_008,Shri Ramdeobaba College of Engineering,Nagpur,Mechanical Engineering,2019,108,130,5,21.6,65.8,11.2,6.01,7.3,125.55
INST_008,Shri Ramdeobaba College of Engineering,Nagpur,Mechanical Engineering,2020,88,115,5,17.6,60.9,12.7,7.04,7.3,129.01
INST_008,Shri Ramdeobaba College of Engineering,Nagpur,Mechanical Engineering,2021,91,120,6,15.2,65.9,5.9,7.56,7.3,130.13
INST_008,Shri Ramdeobaba College of Engineering,Nagpur,Mechanical Engineering,2022,69,95,4,17.2,66.7,10.3,9.14,7.3,143.65
INST_008,Shri Ramdeobaba College of Engineering,Nagpur,Mechanical Engineering,2023,67,100,3,22.3,72.9,10.2,9.8,7.3,162.31
INST_008,Shri Ramdeobaba College of Engineering,Nagpur,Mechanical Engineering,2024,66,95,6,11.0,81.6,8.5,10.01,7.3,178.4
INST_008,Shri Ramdeobaba College of Engineering,Nagpur,Civil Engineering,2019,46,60,3,15.3,64.0,10.9,5.84,7.1,122.18
INST_008,Shri Ramdeobaba College of Engineering,Nagpur,Civil Engineering,2020,41,55,3,13.7,56.3,12.7,6.64,7.1,112.81
INST_008,Shri Ramdeobaba College of Engineering,Nagpur,Civil Engineering,2021,45,60,3,15.0,57.2,9.7,6.97,7.1,153.9
INST_008,Shri Ramdeobaba College of Engineering,Nagpur,Civil Engineering,2022,37,55,3,12.3,66.1,10.3,8.54,7.1,160.08
INST_008,Shri Ramdeobaba College of Engineering,Nagpur,Civil Engineering,2023,26,40,3,8.7,71.2,7.9,9.04,7.1,173.12
INST_008,Shri Ramdeobaba College of Engineering,Nagpur,Civil Engineering,2024,20,35,3,6.7,74.8,7.9,8.62,7.1,174.95
INST_008,Shri Ramdeobaba College of Engineering,Nagpur,MBA / Management Studies,2019,50,60,4,12.5,81.2,5.2,8.97,6.7,138.09
INST_008,Shri Ramdeobaba College of Engineering,Nagpur,MBA / Management Studies,2020,59,65,5,11.8,77.5,7.8,9.36,6.7,146.24
INST_008,Shri Ramdeobaba College of Engineering,Nagpur,MBA / Management Studies,2021,56,60,3,18.7,75.3,7.2,10.49,6.7,163.5
INST_008,Shri Ramdeobaba College of Engineering,Nagpur,MBA / Management Studies,2022,85,85,4,21.2,77.6,6.5,11.12,6.7,177.56
INST_008,Shri Ramdeobaba College of Engineering,Nagpur,MBA / Management Studies,2023,90,90,6,15.0,87.2,6.2,11.55,6.7,207.7
INST_008,Shri Ramdeobaba College of Engineering,Nagpur,MBA / Management Studies,2024,85,85,3,28.3,82.9,8.0,12.43,6.7,200.57
INST_009,Government Engineering College Nagpur,Nagpur,Computer Engineering,2019,93,120,5,18.6,84.8,7.3,12.01,6.2,119.2
INST_009,Government Engineering College Nagpur,Nagpur,Computer Engineering,2020,130,140,9,14.4,81.6,7.1,11.47,6.2,149.01
INST_009,Government Engineering College Nagpur,Nagpur,Computer Engineering,2021,140,140,8,17.5,86.1,5.3,13.17,6.2,155.96
INST_009,Government Engineering College Nagpur,Nagpur,Computer Engineering,2022,150,150,10,15.0,87.9,4.3,13.06,6.2,165.84
INST_009,Government Engineering College Nagpur,Nagpur,Computer Engineering,2023,160,160,8,20.0,87.8,5.6,13.94,6.2,190.58
INST_009,Government Engineering College Nagpur,Nagpur,Computer Engineering,2024,160,160,8,20.0,90.7,6.8,14.01,6.2,197.43
INST_009,Government Engineering College Nagpur,Nagpur,Electronics & Telecommunication,2019,96,120,4,24.0,71.8,7.9,7.87,7.2,121.75
INST_009,Government Engineering College Nagpur,Nagpur,Electronics & Telecommunication,2020,109,120,7,15.6,71.9,10.3,8.63,7.2,146.4
INST_009,Government Engineering College Nagpur,Nagpur,Electronics & Telecommunication,2021,115,120,5,23.0,72.5,7.2,9.59,7.2,149.41
INST_009,Government Engineering College Nagpur,Nagpur,Electronics & Telecommunication,2022,121,130,6,20.2,79.9,8.0,9.7,7.2,154.28
INST_009,Government Engineering College Nagpur,Nagpur,Electronics & Telecommunication,2023,120,120,6,20.0,78.1,7.3,9.94,7.2,184.97
INST_009,Government Engineering College Nagpur,Nagpur,Electronics & Telecommunication,2024,110,110,7,15.7,86.9,8.3,11.29,7.2,190.19
INST_009,Government Engineering College Nagpur,Nagpur,Mechanical Engineering,2019,91,120,4,22.8,64.5,11.2,5.95,6.9,107.98
INST_009,Government Engineering College Nagpur,Nagpur,Mechanical Engineering,2020,87,115,6,14.5,64.9,10.9,6.82,6.9,123.42
INST_009,Government Engineering College Nagpur,Nagpur,Mechanical Engineering,2021,79,110,5,15.8,61.7,10.5,8.49,6.9,142.81
INST_009,Government Engineering College Nagpur,Nagpur,Mechanical Engineering,2022,69,95,4,17.2,68.2,9.5,7.71,6.9,160.2
INST_009,Government Engineering College Nagpur,Nagpur,Mechanical Engineering,2023,62,90,3,20.7,70.0,9.6,8.73,6.9,166.16
INST_009,Government Engineering College Nagpur,Nagpur,Mechanical Engineering,2024,71,105,3,23.7,72.7,11.4,8.89,6.9,181.38
INST_009,Government Engineering College Nagpur,Nagpur,Civil Engineering,2019,55,70,3,18.3,56.6,10.5,5.32,6.9,127.33
INST_009,Government Engineering College Nagpur,Nagpur,Civil Engineering,2020,48,65,3,16.0,58.1,13.6,6.75,6.9,138.27
INST_009,Government Engineering College Nagpur,Nagpur,Civil Engineering,2021,45,60,3,15.0,59.3,10.3,8.02,6.9,161.29
INST_009,Government Engineering College Nagpur,Nagpur,Civil Engineering,2022,31,45,3,10.3,68.4,8.5,7.14,6.9,166.49
INST_009,Government Engineering College Nagpur,Nagpur,Civil Engineering,2023,26,40,3,8.7,71.8,8.2,8.53,6.9,189.98
INST_009,Government Engineering College Nagpur,Nagpur,Civil Engineering,2024,28,45,3,9.3,70.7,8.6,8.84,6.9,199.05
INST_009,Government Engineering College Nagpur,Nagpur,MBA / Management Studies,2019,47,60,3,15.7,78.0,6.2,9.16,6.4,130.58
INST_009,Government Engineering College Nagpur,Nagpur,MBA / Management Studies,2020,68,75,4,17.0,80.5,8.4,10.41,6.4,149.57
INST_009,Government Engineering College Nagpur,Nagpur,MBA / Management Studies,2021,70,70,5,14.0,77.1,5.2,9.95,6.4,140.13
INST_009,Government Engineering College Nagpur,Nagpur,MBA / Management Studies,2022,85,85,6,14.2,82.8,5.8,10.63,6.4,149.02
INST_009,Government Engineering College Nagpur,Nagpur,MBA / Management Studies,2023,70,70,4,17.5,84.1,5.2,10.89,6.4,150.83
INST_009,Government Engineering College Nagpur,Nagpur,MBA / Management Studies,2024,95,95,4,23.8,81.3,7.5,12.1,6.4,183.63
INST_010,K.K. Wagh Institute of Engineering Education,Nashik,Computer Engineering,2019,94,120,4,23.5,81.4,7.4,11.57,7.2,121.98
INST_010,K.K. Wagh Institute of Engineering Education,Nashik,Computer Engineering,2020,133,140,7,19.0,85.9,8.5,11.75,7.2,111.23
INST_010,K.K. Wagh Institute of Engineering Education,Nashik,Computer Engineering,2021,130,130,8,16.2,80.8,5.6,12.1,7.2,143.57
INST_010,K.K. Wagh Institute of Engineering Education,Nashik,Computer Engineering,2022,150,150,8,18.8,87.4,5.8,12.88,7.2,129.66
INST_010,K.K. Wagh Institute of Engineering Education,Nashik,Computer Engineering,2023,160,160,8,20.0,92.5,5.9,13.06,7.2,152.17
INST_010,K.K. Wagh Institute of Engineering Education,Nashik,Computer Engineering,2024,170,170,10,17.0,90.2,6.2,14.45,7.2,171.49
INST_010,K.K. Wagh Institute of Engineering Education,Nashik,Electronics & Telecommunication,2019,95,120,5,19.0,78.3,7.7,8.64,7.1,124.43
INST_010,K.K. Wagh Institute of Engineering Education,Nashik,Electronics & Telecommunication,2020,96,120,5,19.2,78.1,9.8,7.62,7.1,141.36
INST_010,K.K. Wagh Institute of Engineering Education,Nashik,Electronics & Telecommunication,2021,121,130,6,20.2,70.7,7.3,9.76,7.1,148.55
INST_010,K.K. Wagh Institute of Engineering Education,Nashik,Electronics & Telecommunication,2022,119,120,6,19.8,79.9,7.5,9.73,7.1,165.98
INST_010,K.K. Wagh Institute of Engineering Education,Nashik,Electronics & Telecommunication,2023,109,110,6,18.2,82.8,5.0,9.77,7.1,171.85
INST_010,K.K. Wagh Institute of Engineering Education,Nashik,Electronics & Telecommunication,2024,130,130,7,18.6,82.8,6.9,10.29,7.1,193.2
INST_010,K.K. Wagh Institute of Engineering Education,Nashik,Mechanical Engineering,2019,100,120,6,16.7,69.7,10.8,6.51,6.7,112.64
INST_010,K.K. Wagh Institute of Engineering Education,Nashik,Mechanical Engineering,2020,87,115,5,17.4,62.0,12.0,6.97,6.7,134.08
INST_010,K.K. Wagh Institute of Engineering Education,Nashik,Mechanical Engineering,2021,82,110,5,16.4,60.6,7.9,6.39,6.7,123.53
INST_010,K.K. Wagh Institute of Engineering Education,Nashik,Mechanical Engineering,2022,70,105,3,23.3,69.1,9.2,8.39,6.7,135.85
INST_010,K.K. Wagh Institute of Engineering Education,Nashik,Mechanical Engineering,2023,66,100,3,22.0,68.8,11.3,9.17,6.7,164.08
INST_010,K.K. Wagh Institute of Engineering Education,Nashik,Mechanical Engineering,2024,61,95,3,20.3,67.1,10.7,8.96,6.7,171.21
INST_010,K.K. Wagh Institute of Engineering Education,Nashik,Civil Engineering,2019,57,70,3,19.0,58.2,11.8,6.33,7.6,101.13
INST_010,K.K. Wagh Institute of Engineering Education,Nashik,Civil Engineering,2020,49,65,3,16.3,57.9,12.8,5.64,7.6,120.14
INST_010,K.K. Wagh Institute of Engineering Education,Nashik,Civil Engineering,2021,31,40,3,10.3,60.4,7.1,6.66,7.6,130.81
INST_010,K.K. Wagh Institute of Engineering Education,Nashik,Civil Engineering,2022,24,35,3,8.0,70.3,8.2,8.16,7.6,141.8
INST_010,K.K. Wagh Institute of Engineering Education,Nashik,Civil Engineering,2023,32,50,3,10.7,76.4,9.7,9.24,7.6,144.95
INST_010,K.K. Wagh Institute of Engineering Education,Nashik,Civil Engineering,2024,20,30,3,6.7,75.8,7.6,9.01,7.6,178.14
INST_010,K.K. Wagh Institute of Engineering Education,Nashik,MBA / Management Studies,2019,39,50,3,13.0,83.7,5.7,9.24,7.3,125.57
INST_010,K.K. Wagh Institute of Engineering Education,Nashik,MBA / Management Studies,2020,47,55,3,15.7,75.3,9.4,10.28,7.3,133.04
INST_010,K.K. Wagh Institute of Engineering Education,Nashik,MBA / Management Studies,2021,80,80,3,26.7,74.4,8.6,10.09,7.3,143.44
INST_010,K.K. Wagh Institute of Engineering Education,Nashik,MBA / Management Studies,2022,85,85,5,17.0,80.3,4.8,10.9,7.3,148.55
INST_010,K.K. Wagh Institute of Engineering Education,Nashik,MBA / Management Studies,2023,90,90,7,12.9,85.7,5.3,11.36,7.3,169.96
INST_010,K.K. Wagh Institute of Engineering Education,Nashik,MBA / Management Studies,2024,85,85,4,21.2,83.8,6.4,12.61,7.3,175.38
INST_011,MET Institute of Engineering,Nashik,Computer Engineering,2019,91,120,5,18.2,88.1,5.2,11.8,6.7,83.15
INST_011,MET Institute of Engineering,Nashik,Computer Engineering,2020,118,120,5,23.6,77.1,10.0,11.55,6.7,108.2
INST_011,MET Institute of Engineering,Nashik,Computer Engineering,2021,130,130,6,21.7,82.3,5.0,12.35,6.7,126.4
INST_011,MET Institute of Engineering,Nashik,Computer Engineering,2022,160,160,8,20.0,86.8,6.1,12.89,6.7,134.91
INST_011,MET Institute of Engineering,Nashik,Computer Engineering,2023,170,170,9,18.9,91.8,7.0,13.99,6.7,145.15
INST_011,MET Institute of Engineering,Nashik,Computer Engineering,2024,160,160,10,16.0,92.1,4.4,14.86,6.7,146.04
INST_011,MET Institute of Engineering,Nashik,Electronics & Telecommunication,2019,104,130,6,17.3,77.3,6.5,7.63,7.2,112.78
INST_011,MET Institute of Engineering,Nashik,Electronics & Telecommunication,2020,101,130,5,20.2,74.7,11.1,9.08,7.2,131.93
INST_011,MET Institute of Engineering,Nashik,Electronics & Telecommunication,2021,106,120,5,21.2,73.3,7.8,9.11,7.2,120.12
INST_011,MET Institute of Engineering,Nashik,Electronics & Telecommunication,2022,122,130,7,17.4,81.3,6.6,8.38,7.2,146.18
INST_011,MET Institute of Engineering,Nashik,Electronics & Telecommunication,2023,130,130,6,21.7,79.3,8.0,9.32,7.2,168.75
INST_011,MET Institute of Engineering,Nashik,Electronics & Telecommunication,2024,120,120,6,20.0,84.8,7.3,11.34,7.2,161.47
INST_011,MET Institute of Engineering,Nashik,Mechanical Engineering,2019,88,110,5,17.6,71.2,8.7,7.0,6.2,136.41
INST_011,MET Institute of Engineering,Nashik,Mechanical Engineering,2020,83,115,5,16.6,58.1,11.4,6.99,6.2,123.16
INST_011,MET Institute of Engineering,Nashik,Mechanical Engineering,2021,91,120,5,18.2,65.0,8.9,8.41,6.2,151.86
INST_011,MET Institute of Engineering,Nashik,Mechanical Engineering,2022,84,115,5,16.8,70.9,9.4,8.64,6.2,173.0
INST_011,MET Institute of Engineering,Nashik,Mechanical Engineering,2023,67,100,3,22.3,66.1,9.7,8.48,6.2,186.12
INST_011,MET Institute of Engineering,Nashik,Mechanical Engineering,2024,65,95,3,21.7,72.5,11.1,8.36,6.2,184.78
INST_011,MET Institute of Engineering,Nashik,Civil Engineering,2019,48,60,3,16.0,58.7,10.5,6.22,6.6,131.49
INST_011,MET Institute of Engineering,Nashik,Civil Engineering,2020,34,45,3,11.3,55.6,11.9,6.21,6.6,126.76
INST_011,MET Institute of Engineering,Nashik,Civil Engineering,2021,35,50,3,11.7,62.4,9.5,7.22,6.6,133.05
INST_011,MET Institute of Engineering,Nashik,Civil Engineering,2022,31,45,3,10.3,66.5,7.6,7.77,6.6,158.27
INST_011,MET Institute of Engineering,Nashik,Civil Engineering,2023,26,40,3,8.7,65.4,8.7,8.15,6.6,160.95
INST_011,MET Institute of Engineering,Nashik,Civil Engineering,2024,20,35,3,6.7,76.7,8.2,8.7,6.6,174.45
INST_011,MET Institute of Engineering,Nashik,MBA / Management Studies,2019,48,60,3,16.0,82.3,6.1,9.68,6.7,140.23
INST_011,MET Institute of Engineering,Nashik,MBA / Management Studies,2020,49,55,3,16.3,76.0,9.3,9.59,6.7,139.65
INST_011,MET Institute of Engineering,Nashik,MBA / Management Studies,2021,76,80,4,19.0,77.7,7.3,11.08,6.7,156.63
INST_011,MET Institute of Engineering,Nashik,MBA / Management Studies,2022,85,85,5,17.0,82.0,6.6,11.9,6.7,175.07
INST_011,MET Institute of Engineering,Nashik,MBA / Management Studies,2023,90,90,3,30.0,81.3,9.8,12.17,6.7,191.39
INST_011,MET Institute of Engineering,Nashik,MBA / Management Studies,2024,75,75,4,18.8,87.5,5.7,11.85,6.7,191.92
INST_012,Sandip Institute of Technology & Research,Nashik,Computer Engineering,2019,101,130,5,20.2,86.1,5.8,11.5,7.0,135.63
INST_012,Sandip Institute of Technology & Research,Nashik,Computer Engineering,2020,117,130,8,14.6,86.2,7.1,11.17,7.0,150.77
INST_012,Sandip Institute of Technology & Research,Nashik,Computer Engineering,2021,138,140,9,15.3,81.9,5.3,12.16,7.0,160.38
INST_012,Sandip Institute of Technology & Research,Nashik,Computer Engineering,2022,140,140,10,14.0,92.3,6.5,12.9,7.0,174.37
INST_012,Sandip Institute of Technology & Research,Nashik,Computer Engineering,2023,150,150,8,18.8,89.7,6.5,14.23,7.0,183.02
INST_012,Sandip Institute of Technology & Research,Nashik,Computer Engineering,2024,160,160,9,17.8,89.2,5.6,14.94,7.0,187.35
INST_012,Sandip Institute of Technology & Research,Nashik,Electronics & Telecommunication,2019,91,110,6,15.2,77.6,6.2,6.54,5.8,132.97
INST_012,Sandip Institute of Technology & Research,Nashik,Electronics & Telecommunication,2020,100,120,4,25.0,69.3,10.0,8.23,5.8,126.8
INST_012,Sandip Institute of Technology & Research,Nashik,Electronics & Telecommunication,2021,112,120,6,18.7,74.3,6.7,8.66,5.8,161.49
INST_012,Sandip Institute of Technology & Research,Nashik,Electronics & Telecommunication,2022,108,120,5,21.6,79.9,7.4,9.57,5.8,162.68
INST_012,Sandip Institute of Technology & Research,Nashik,Electronics & Telecommunication,2023,115,120,6,19.2,80.0,8.8,10.22,5.8,162.68
INST_012,Sandip Institute of Technology & Research,Nashik,Electronics & Telecommunication,2024,130,130,8,16.2,83.3,6.4,11.28,5.8,183.83
INST_012,Sandip Institute of Technology & Research,Nashik,Mechanical Engineering,2019,97,120,4,24.2,64.1,12.0,5.9,6.2,130.45
INST_012,Sandip Institute of Technology & Research,Nashik,Mechanical Engineering,2020,95,125,7,13.6,63.7,11.9,7.43,6.2,147.27
INST_012,Sandip Institute of Technology & Research,Nashik,Mechanical Engineering,2021,80,110,4,20.0,59.7,10.5,7.86,6.2,152.3
INST_012,Sandip Institute of Technology & Research,Nashik,Mechanical Engineering,2022,69,95,4,17.2,63.7,9.4,8.53,6.2,163.62
INST_012,Sandip Institute of Technology & Research,Nashik,Mechanical Engineering,2023,60,90,4,15.0,73.3,9.9,8.93,6.2,203.28
INST_012,Sandip Institute of Technology & Research,Nashik,Mechanical Engineering,2024,63,95,4,15.8,73.2,8.6,9.85,6.2,195.26
INST_012,Sandip Institute of Technology & Research,Nashik,Civil Engineering,2019,56,70,3,18.7,62.5,12.3,6.28,7.0,107.62
INST_012,Sandip Institute of Technology & Research,Nashik,Civil Engineering,2020,41,55,3,13.7,61.1,14.4,6.43,7.0,118.99
INST_012,Sandip Institute of Technology & Research,Nashik,Civil Engineering,2021,34,50,3,11.3,62.5,9.1,7.5,7.0,134.63
INST_012,Sandip Institute of Technology & Research,Nashik,Civil Engineering,2022,30,45,3,10.0,65.0,9.9,7.52,7.0,143.72
INST_012,Sandip Institute of Technology & Research,Nashik,Civil Engineering,2023,20,30,3,6.7,72.3,8.6,8.41,7.0,158.76
INST_012,Sandip Institute of Technology & Research,Nashik,Civil Engineering,2024,20,35,3,6.7,75.9,7.6,8.48,7.0,185.72
INST_012,Sandip Institute of Technology & Research,Nashik,MBA / Management Studies,2019,57,70,6,9.5,83.6,5.5,10.14,6.4,99.0
INST_012,Sandip Institute of Technology & Research,Nashik,MBA / Management Studies,2020,56,65,3,18.7,73.2,9.5,10.64,6.4,117.81
INST_012,Sandip Institute of Technology & Research,Nashik,MBA / Management Studies,2021,80,80,5,16.0,74.9,7.2,9.57,6.4,136.17
INST_012,Sandip Institute of Technology & Research,Nashik,MBA / Management Studies,2022,65,65,5,13.0,86.5,4.1,10.89,6.4,133.3
INST_012,Sandip Institute of Technology & Research,Nashik,MBA / Management Studies,2023,80,80,6,13.3,86.6,5.0,11.91,6.4,141.78
INST_012,Sandip Institute of Technology & Research,Nashik,MBA / Management Studies,2024,85,85,5,17.0,89.1,6.1,12.48,6.4,146.92
INST_013,Government College of Engineering Chhatrapati Sambhaji Nagar,Chhatrapati Sambhaji Nagar,Computer Engineering,2019,105,130,6,17.5,84.9,6.4,11.63,6.8,105.19
INST_013,Government College of Engineering Chhatrapati Sambhaji Nagar,Chhatrapati Sambhaji Nagar,Computer Engineering,2020,123,130,6,20.5,81.0,9.5,11.75,6.8,122.42
INST_013,Government College of Engineering Chhatrapati Sambhaji Nagar,Chhatrapati Sambhaji Nagar,Computer Engineering,2021,130,130,8,16.2,79.8,4.7,13.5,6.8,154.46
INST_013,Government College of Engineering Chhatrapati Sambhaji Nagar,Chhatrapati Sambhaji Nagar,Computer Engineering,2022,150,150,9,16.7,89.8,5.7,13.54,6.8,143.48
INST_013,Government College of Engineering Chhatrapati Sambhaji Nagar,Chhatrapati Sambhaji Nagar,Computer Engineering,2023,160,160,8,20.0,86.3,5.7,13.6,6.8,173.98
INST_013,Government College of Engineering Chhatrapati Sambhaji Nagar,Chhatrapati Sambhaji Nagar,Computer Engineering,2024,160,160,9,17.8,94.9,5.9,15.57,6.8,171.38
INST_013,Government College of Engineering Chhatrapati Sambhaji Nagar,Chhatrapati Sambhaji Nagar,Electronics & Telecommunication,2019,108,120,6,18.0,76.4,6.5,8.0,7.1,83.13
INST_013,Government College of Engineering Chhatrapati Sambhaji Nagar,Chhatrapati Sambhaji Nagar,Electronics & Telecommunication,2020,92,110,5,18.4,71.8,8.4,8.59,7.1,111.22
INST_013,Government College of Engineering Chhatrapati Sambhaji Nagar,Chhatrapati Sambhaji Nagar,Electronics & Telecommunication,2021,97,110,4,24.2,72.8,8.3,9.22,7.1,120.71
INST_013,Government College of Engineering Chhatrapati Sambhaji Nagar,Chhatrapati Sambhaji Nagar,Electronics & Telecommunication,2022,116,120,5,23.2,78.2,8.3,9.45,7.1,143.38
INST_013,Government College of Engineering Chhatrapati Sambhaji Nagar,Chhatrapati Sambhaji Nagar,Electronics & Telecommunication,2023,120,120,5,24.0,81.2,7.7,10.15,7.1,157.3
INST_013,Government College of Engineering Chhatrapati Sambhaji Nagar,Chhatrapati Sambhaji Nagar,Electronics & Telecommunication,2024,130,130,8,16.2,83.9,4.6,10.89,7.1,157.93
INST_013,Government College of Engineering Chhatrapati Sambhaji Nagar,Chhatrapati Sambhaji Nagar,Mechanical Engineering,2019,101,120,6,16.8,65.3,9.8,5.32,6.9,156.34
INST_013,Government College of Engineering Chhatrapati Sambhaji Nagar,Chhatrapati Sambhaji Nagar,Mechanical Engineering,2020,92,125,5,18.4,59.6,13.0,6.58,6.9,182.73
INST_013,Government College of Engineering Chhatrapati Sambhaji Nagar,Chhatrapati Sambhaji Nagar,Mechanical Engineering,2021,95,120,5,19.0,63.5,10.6,7.36,6.9,196.48
INST_013,Government College of Engineering Chhatrapati Sambhaji Nagar,Chhatrapati Sambhaji Nagar,Mechanical Engineering,2022,72,105,3,24.0,67.2,10.7,9.51,6.9,204.24
INST_013,Government College of Engineering Chhatrapati Sambhaji Nagar,Chhatrapati Sambhaji Nagar,Mechanical Engineering,2023,66,100,3,22.0,67.9,9.4,9.12,6.9,225.23
INST_013,Government College of Engineering Chhatrapati Sambhaji Nagar,Chhatrapati Sambhaji Nagar,Mechanical Engineering,2024,62,105,5,12.4,78.8,6.2,10.04,6.9,233.22
INST_013,Government College of Engineering Chhatrapati Sambhaji Nagar,Chhatrapati Sambhaji Nagar,Civil Engineering,2019,61,70,5,12.2,62.1,11.1,5.75,6.8,106.34
INST_013,Government College of Engineering Chhatrapati Sambhaji Nagar,Chhatrapati Sambhaji Nagar,Civil Engineering,2020,33,45,3,11.0,61.3,12.0,6.42,6.8,100.95
INST_013,Government College of Engineering Chhatrapati Sambhaji Nagar,Chhatrapati Sambhaji Nagar,Civil Engineering,2021,37,50,3,12.3,61.2,10.2,7.47,6.8,122.76
INST_013,Government College of Engineering Chhatrapati Sambhaji Nagar,Chhatrapati Sambhaji Nagar,Civil Engineering,2022,36,55,3,12.0,69.9,9.6,7.78,6.8,139.25
INST_013,Government College of Engineering Chhatrapati Sambhaji Nagar,Chhatrapati Sambhaji Nagar,Civil Engineering,2023,31,50,3,10.3,71.6,11.5,8.02,6.8,158.27
INST_013,Government College of Engineering Chhatrapati Sambhaji Nagar,Chhatrapati Sambhaji Nagar,Civil Engineering,2024,26,45,3,8.7,74.2,8.3,8.78,6.8,161.01
INST_013,Government College of Engineering Chhatrapati Sambhaji Nagar,Chhatrapati Sambhaji Nagar,MBA / Management Studies,2019,40,50,3,13.3,81.0,5.5,9.35,7.1,86.36
INST_013,Government College of Engineering Chhatrapati Sambhaji Nagar,Chhatrapati Sambhaji Nagar,MBA / Management Studies,2020,47,55,3,15.7,73.5,7.6,9.71,7.1,93.36
INST_013,Government College of Engineering Chhatrapati Sambhaji Nagar,Chhatrapati Sambhaji Nagar,MBA / Management Studies,2021,76,80,4,19.0,78.3,6.5,10.96,7.1,107.06
INST_013,Government College of Engineering Chhatrapati Sambhaji Nagar,Chhatrapati Sambhaji Nagar,MBA / Management Studies,2022,65,65,4,16.2,85.9,6.5,10.63,7.1,122.95
INST_013,Government College of Engineering Chhatrapati Sambhaji Nagar,Chhatrapati Sambhaji Nagar,MBA / Management Studies,2023,70,70,3,23.3,77.7,7.9,12.16,7.1,140.48
INST_013,Government College of Engineering Chhatrapati Sambhaji Nagar,Chhatrapati Sambhaji Nagar,MBA / Management Studies,2024,95,95,7,13.6,86.7,5.7,12.28,7.1,145.35
INST_014,Jawaharlal Nehru Engineering College,Chhatrapati Sambhaji Nagar,Computer Engineering,2019,99,130,7,14.1,87.6,4.8,12.29,6.9,125.32
INST_014,Jawaharlal Nehru Engineering College,Chhatrapati Sambhaji Nagar,Computer Engineering,2020,117,120,6,19.5,78.5,8.3,11.56,6.9,128.99
INST_014,Jawaharlal Nehru Engineering College,Chhatrapati Sambhaji Nagar,Computer Engineering,2021,150,150,9,16.7,88.4,6.2,12.62,6.9,138.62
INST_014,Jawaharlal Nehru Engineering College,Chhatrapati Sambhaji Nagar,Computer Engineering,2022,160,160,9,17.8,91.6,4.5,13.35,6.9,158.85
INST_014,Jawaharlal Nehru Engineering College,Chhatrapati Sambhaji Nagar,Computer Engineering,2023,160,160,7,22.9,88.4,7.7,14.35,6.9,160.98
INST_014,Jawaharlal Nehru Engineering College,Chhatrapati Sambhaji Nagar,Computer Engineering,2024,180,180,9,20.0,92.8,6.4,14.15,6.9,187.93
INST_014,Jawaharlal Nehru Engineering College,Chhatrapati Sambhaji Nagar,Electronics & Telecommunication,2019,87,110,4,21.8,69.4,7.7,8.47,6.9,110.28
INST_014,Jawaharlal Nehru Engineering College,Chhatrapati Sambhaji Nagar,Electronics & Telecommunication,2020,108,130,6,18.0,68.6,10.9,8.94,6.9,121.58
INST_014,Jawaharlal Nehru Engineering College,Chhatrapati Sambhaji Nagar,Electronics & Telecommunication,2021,97,110,6,16.2,75.8,7.0,10.42,6.9,126.51
INST_014,Jawaharlal Nehru Engineering College,Chhatrapati Sambhaji Nagar,Electronics & Telecommunication,2022,101,110,5,20.2,78.7,7.4,9.97,6.9,159.37
INST_014,Jawaharlal Nehru Engineering College,Chhatrapati Sambhaji Nagar,Electronics & Telecommunication,2023,129,130,7,18.4,81.6,7.4,10.01,6.9,156.71
INST_014,Jawaharlal Nehru Engineering College,Chhatrapati Sambhaji Nagar,Electronics & Telecommunication,2024,110,110,8,13.8,86.8,6.1,11.82,6.9,185.96
INST_014,Jawaharlal Nehru Engineering College,Chhatrapati Sambhaji Nagar,Mechanical Engineering,2019,110,130,8,13.8,67.3,9.0,7.19,7.5,100.56
INST_014,Jawaharlal Nehru Engineering College,Chhatrapati Sambhaji Nagar,Mechanical Engineering,2020,99,125,6,16.5,62.0,12.0,8.08,7.5,120.57
INST_014,Jawaharlal Nehru Engineering College,Chhatrapati Sambhaji Nagar,Mechanical Engineering,2021,90,120,6,15.0,66.0,8.1,8.5,7.5,139.46
INST_014,Jawaharlal Nehru Engineering College,Chhatrapati Sambhaji Nagar,Mechanical Engineering,2022,77,115,5,15.4,70.9,10.1,8.78,7.5,152.41
INST_014,Jawaharlal Nehru Engineering College,Chhatrapati Sambhaji Nagar,Mechanical Engineering,2023,69,100,3,23.0,65.4,8.9,9.19,7.5,162.75
INST_014,Jawaharlal Nehru Engineering College,Chhatrapati Sambhaji Nagar,Mechanical Engineering,2024,49,85,3,16.3,75.2,7.9,9.69,7.5,170.98
INST_014,Jawaharlal Nehru Engineering College,Chhatrapati Sambhaji Nagar,Civil Engineering,2019,42,50,3,14.0,62.8,10.3,6.21,7.5,134.97
INST_014,Jawaharlal Nehru Engineering College,Chhatrapati Sambhaji Nagar,Civil Engineering,2020,50,65,3,16.7,57.3,13.6,5.95,7.5,163.56
INST_014,Jawaharlal Nehru Engineering College,Chhatrapati Sambhaji Nagar,Civil Engineering,2021,43,60,3,14.3,61.9,9.0,7.81,7.5,178.86
INST_014,Jawaharlal Nehru Engineering College,Chhatrapati Sambhaji Nagar,Civil Engineering,2022,37,55,3,12.3,67.0,8.7,7.51,7.5,167.21
INST_014,Jawaharlal Nehru Engineering College,Chhatrapati Sambhaji Nagar,Civil Engineering,2023,27,40,3,9.0,69.3,8.1,7.57,7.5,196.28
INST_014,Jawaharlal Nehru Engineering College,Chhatrapati Sambhaji Nagar,Civil Engineering,2024,20,30,3,6.7,76.1,7.0,8.61,7.5,206.25
INST_014,Jawaharlal Nehru Engineering College,Chhatrapati Sambhaji Nagar,MBA / Management Studies,2019,55,70,3,18.3,80.6,7.1,8.67,7.2,117.21
INST_014,Jawaharlal Nehru Engineering College,Chhatrapati Sambhaji Nagar,MBA / Management Studies,2020,49,55,5,9.8,80.0,6.5,9.75,7.2,112.09
INST_014,Jawaharlal Nehru Engineering College,Chhatrapati Sambhaji Nagar,MBA / Management Studies,2021,68,70,4,17.0,81.6,5.5,9.97,7.2,127.23
INST_014,Jawaharlal Nehru Engineering College,Chhatrapati Sambhaji Nagar,MBA / Management Studies,2022,75,75,6,12.5,88.9,5.5,10.79,7.2,156.74
INST_014,Jawaharlal Nehru Engineering College,Chhatrapati Sambhaji Nagar,MBA / Management Studies,2023,90,90,4,22.5,83.6,7.2,12.65,7.2,159.15
INST_014,Jawaharlal Nehru Engineering College,Chhatrapati Sambhaji Nagar,MBA / Management Studies,2024,75,75,4,18.8,88.9,6.2,11.35,7.2,166.9
INST_015,Deogiri Institute of Engineering,Chhatrapati Sambhaji Nagar,Computer Engineering,2019,96,120,7,13.7,87.2,5.6,11.37,7.4,123.91
INST_015,Deogiri Institute of Engineering,Chhatrapati Sambhaji Nagar,Computer Engineering,2020,103,120,7,14.7,80.9,7.8,11.45,7.4,130.22
INST_015,Deogiri Institute of Engineering,Chhatrapati Sambhaji Nagar,Computer Engineering,2021,140,140,9,15.6,86.4,4.5,13.39,7.4,154.87
INST_015,Deogiri Institute of Engineering,Chhatrapati Sambhaji Nagar,Computer Engineering,2022,160,160,9,17.8,92.9,4.8,12.94,7.4,150.05
INST_015,Deogiri Institute of Engineering,Chhatrapati Sambhaji Nagar,Computer Engineering,2023,160,160,11,14.5,98.9,6.2,14.65,7.4,168.11
INST_015,Deogiri Institute of Engineering,Chhatrapati Sambhaji Nagar,Computer Engineering,2024,170,170,10,17.0,96.6,5.6,14.43,7.4,166.42
INST_015,Deogiri Institute of Engineering,Chhatrapati Sambhaji Nagar,Electronics & Telecommunication,2019,97,120,6,16.2,77.3,7.4,8.69,6.5,120.93
INST_015,Deogiri Institute of Engineering,Chhatrapati Sambhaji Nagar,Electronics & Telecommunication,2020,108,130,7,15.4,71.3,9.7,8.67,6.5,111.03
INST_015,Deogiri Institute of Engineering,Chhatrapati Sambhaji Nagar,Electronics & Telecommunication,2021,98,110,7,14.0,73.2,6.3,8.49,6.5,146.58
INST_015,Deogiri Institute of Engineering,Chhatrapati Sambhaji Nagar,Electronics & Telecommunication,2022,118,120,6,19.7,74.6,7.2,9.92,6.5,144.93
INST_015,Deogiri Institute of Engineering,Chhatrapati Sambhaji Nagar,Electronics & Telecommunication,2023,110,110,7,15.7,78.5,6.8,10.45,6.5,158.93
INST_015,Deogiri Institute of Engineering,Chhatrapati Sambhaji Nagar,Electronics & Telecommunication,2024,130,130,8,16.2,84.6,8.1,10.91,6.5,181.42
INST_015,Deogiri Institute of Engineering,Chhatrapati Sambhaji Nagar,Mechanical Engineering,2019,94,120,4,23.5,60.9,9.8,7.1,6.8,153.06
INST_015,Deogiri Institute of Engineering,Chhatrapati Sambhaji Nagar,Mechanical Engineering,2020,85,115,6,14.2,64.4,11.9,6.62,6.8,143.59
INST_015,Deogiri Institute of Engineering,Chhatrapati Sambhaji Nagar,Mechanical Engineering,2021,88,110,4,22.0,56.8,10.9,8.39,6.8,161.01
INST_015,Deogiri Institute of Engineering,Chhatrapati Sambhaji Nagar,Mechanical Engineering,2022,66,95,3,22.0,64.4,10.1,8.8,6.8,171.71
INST_015,Deogiri Institute of Engineering,Chhatrapati Sambhaji Nagar,Mechanical Engineering,2023,70,110,4,17.5,70.5,8.8,8.39,6.8,194.97
INST_015,Deogiri Institute of Engineering,Chhatrapati Sambhaji Nagar,Mechanical Engineering,2024,68,105,4,17.0,69.3,9.2,10.54,6.8,196.46
INST_015,Deogiri Institute of Engineering,Chhatrapati Sambhaji Nagar,Civil Engineering,2019,47,60,3,15.7,60.7,11.5,5.6,7.1,136.84
INST_015,Deogiri Institute of Engineering,Chhatrapati Sambhaji Nagar,Civil Engineering,2020,51,65,3,17.0,60.0,12.7,5.99,7.1,139.37
INST_015,Deogiri Institute of Engineering,Chhatrapati Sambhaji Nagar,Civil Engineering,2021,36,50,3,12.0,61.2,9.6,6.97,7.1,145.82
INST_015,Deogiri Institute of Engineering,Chhatrapati Sambhaji Nagar,Civil Engineering,2022,24,35,3,8.0,70.7,7.1,7.0,7.1,166.33
INST_015,Deogiri Institute of Engineering,Chhatrapati Sambhaji Nagar,Civil Engineering,2023,24,40,3,8.0,70.3,8.2,9.15,7.1,182.0
INST_015,Deogiri Institute of Engineering,Chhatrapati Sambhaji Nagar,Civil Engineering,2024,20,30,3,6.7,71.9,8.1,8.23,7.1,211.53
INST_015,Deogiri Institute of Engineering,Chhatrapati Sambhaji Nagar,MBA / Management Studies,2019,41,50,3,13.7,82.4,4.9,9.54,7.4,135.36
INST_015,Deogiri Institute of Engineering,Chhatrapati Sambhaji Nagar,MBA / Management Studies,2020,48,55,3,16.0,75.8,8.7,9.86,7.4,138.62
INST_015,Deogiri Institute of Engineering,Chhatrapati Sambhaji Nagar,MBA / Management Studies,2021,74,80,4,18.5,79.0,6.6,10.27,7.4,154.2
INST_015,Deogiri Institute of Engineering,Chhatrapati Sambhaji Nagar,MBA / Management Studies,2022,85,85,3,28.3,78.5,9.7,10.24,7.4,142.37
INST_015,Deogiri Institute of Engineering,Chhatrapati Sambhaji Nagar,MBA / Management Studies,2023,80,80,5,16.0,87.0,4.9,11.98,7.4,182.62
INST_015,Deogiri Institute of Engineering,Chhatrapati Sambhaji Nagar,MBA / Management Studies,2024,95,95,5,19.0,87.5,8.1,12.19,7.4,184.92
INST_016,A.P. Shah Institute of Technology,Thane,Computer Engineering,2019,83,110,6,13.8,83.8,4.0,12.28,6.3,115.87
INST_016,A.P. Shah Institute of Technology,Thane,Computer Engineering,2020,126,140,7,18.0,82.2,7.0,12.68,6.3,124.62
INST_016,A.P. Shah Institute of Technology,Thane,Computer Engineering,2021,130,130,5,26.0,82.8,7.3,13.87,6.3,154.96
INST_016,A.P. Shah Institute of Technology,Thane,Computer Engineering,2022,150,150,8,18.8,87.2,5.5,12.7,6.3,148.98
INST_016,A.P. Shah Institute of Technology,Thane,Computer Engineering,2023,160,160,9,17.8,87.8,4.7,12.77,6.3,158.01
INST_016,A.P. Shah Institute of Technology,Thane,Computer Engineering,2024,170,170,11,15.5,93.0,6.3,14.13,6.3,189.86
INST_016,A.P. Shah Institute of Technology,Thane,Electronics & Telecommunication,2019,97,120,5,19.4,67.8,7.2,8.15,7.1,115.39
INST_016,A.P. Shah Institute of Technology,Thane,Electronics & Telecommunication,2020,104,120,4,26.0,68.2,11.8,9.35,7.1,134.76
INST_016,A.P. Shah Institute of Technology,Thane,Electronics & Telecommunication,2021,109,120,6,18.2,70.7,6.8,9.94,7.1,140.55
INST_016,A.P. Shah Institute of Technology,Thane,Electronics & Telecommunication,2022,120,120,8,15.0,79.3,6.4,9.15,7.1,168.87
INST_016,A.P. Shah Institute of Technology,Thane,Electronics & Telecommunication,2023,130,130,7,18.6,80.0,7.3,9.53,7.1,192.14
INST_016,A.P. Shah Institute of Technology,Thane,Electronics & Telecommunication,2024,120,120,6,20.0,79.3,7.6,10.81,7.1,184.24
INST_016,A.P. Shah Institute of Technology,Thane,Mechanical Engineering,2019,103,130,6,17.2,66.7,9.9,5.95,6.6,111.91
INST_016,A.P. Shah Institute of Technology,Thane,Mechanical Engineering,2020,83,115,6,13.8,63.6,11.8,7.58,6.6,122.24
INST_016,A.P. Shah Institute of Technology,Thane,Mechanical Engineering,2021,87,120,5,17.4,60.1,9.4,7.61,6.6,135.73
INST_016,A.P. Shah Institute of Technology,Thane,Mechanical Engineering,2022,80,115,5,16.0,72.2,8.6,7.31,6.6,149.53
INST_016,A.P. Shah Institute of Technology,Thane,Mechanical Engineering,2023,58,90,3,19.3,73.8,8.8,9.08,6.6,170.56
INST_016,A.P. Shah Institute of Technology,Thane,Mechanical Engineering,2024,59,95,3,19.7,69.0,10.0,10.16,6.6,180.91
INST_016,A.P. Shah Institute of Technology,Thane,Civil Engineering,2019,39,50,3,13.0,59.1,9.6,5.99,6.6,123.74
INST_016,A.P. Shah Institute of Technology,Thane,Civil Engineering,2020,44,55,3,14.7,58.8,12.3,6.66,6.6,136.23
INST_016,A.P. Shah Institute of Technology,Thane,Civil Engineering,2021,28,40,3,9.3,61.9,8.2,7.14,6.6,153.73
INST_016,A.P. Shah Institute of Technology,Thane,Civil Engineering,2022,25,35,3,8.3,65.2,8.3,7.21,6.6,173.48
INST_016,A.P. Shah Institute of Technology,Thane,Civil Engineering,2023,26,40,3,8.7,66.8,8.7,7.97,6.6,166.56
INST_016,A.P. Shah Institute of Technology,Thane,Civil Engineering,2024,28,45,3,9.3,69.9,7.4,8.14,6.6,200.97
INST_016,A.P. Shah Institute of Technology,Thane,MBA / Management Studies,2019,52,60,3,17.3,78.2,6.2,8.87,6.1,105.09
INST_016,A.P. Shah Institute of Technology,Thane,MBA / Management Studies,2020,55,65,3,18.3,72.5,10.4,10.25,6.1,123.84
INST_016,A.P. Shah Institute of Technology,Thane,MBA / Management Studies,2021,56,60,3,18.7,75.7,6.5,10.32,6.1,135.47
INST_016,A.P. Shah Institute of Technology,Thane,MBA / Management Studies,2022,65,65,4,16.2,85.9,6.5,10.86,6.1,127.31
INST_016,A.P. Shah Institute of Technology,Thane,MBA / Management Studies,2023,80,80,4,20.0,83.4,6.9,11.82,6.1,159.34
INST_016,A.P. Shah Institute of Technology,Thane,MBA / Management Studies,2024,95,95,7,13.6,84.1,5.7,12.7,6.1,158.19
INST_017,Vidyalankar Institute of Technology,Thane,Computer Engineering,2019,96,120,5,19.2,87.2,5.9,11.63,6.9,131.45
INST_017,Vidyalankar Institute of Technology,Thane,Computer Engineering,2020,115,130,6,19.2,78.2,9.6,13.05,6.9,148.03
INST_017,Vidyalankar Institute of Technology,Thane,Computer Engineering,2021,129,130,8,16.1,84.4,5.8,11.93,6.9,162.13
INST_017,Vidyalankar Institute of Technology,Thane,Computer Engineering,2022,150,150,8,18.8,91.8,6.8,13.18,6.9,170.44
INST_017,Vidyalankar Institute of Technology,Thane,Computer Engineering,2023,160,160,9,17.8,91.3,5.2,13.86,6.9,188.44
INST_017,Vidyalankar Institute of Technology,Thane,Computer Engineering,2024,160,160,9,17.8,96.1,4.9,14.31,6.9,196.28
INST_017,Vidyalankar Institute of Technology,Thane,Electronics & Telecommunication,2019,96,120,6,16.0,74.2,7.6,7.73,6.3,97.87
INST_017,Vidyalankar Institute of Technology,Thane,Electronics & Telecommunication,2020,100,120,5,20.0,73.7,8.6,9.24,6.3,123.34
INST_017,Vidyalankar Institute of Technology,Thane,Electronics & Telecommunication,2021,101,120,5,20.2,74.4,7.6,10.03,6.3,138.92
INST_017,Vidyalankar Institute of Technology,Thane,Electronics & Telecommunication,2022,111,120,6,18.5,83.1,7.8,10.32,6.3,151.19
INST_017,Vidyalankar Institute of Technology,Thane,Electronics & Telecommunication,2023,110,110,6,18.3,83.2,7.8,10.36,6.3,141.02
INST_017,Vidyalankar Institute of Technology,Thane,Electronics & Telecommunication,2024,120,120,7,17.1,82.2,6.1,11.56,6.3,187.19
INST_017,Vidyalankar Institute of Technology,Thane,Mechanical Engineering,2019,105,130,6,17.5,61.5,9.4,7.29,6.9,93.57
INST_017,Vidyalankar Institute of Technology,Thane,Mechanical Engineering,2020,91,115,5,18.2,63.0,13.5,6.7,6.9,129.37
INST_017,Vidyalankar Institute of Technology,Thane,Mechanical Engineering,2021,92,120,6,15.3,65.9,8.6,8.56,6.9,132.21
INST_017,Vidyalankar Institute of Technology,Thane,Mechanical Engineering,2022,65,95,5,13.0,69.8,9.5,8.16,6.9,155.16
INST_017,Vidyalankar Institute of Technology,Thane,Mechanical Engineering,2023,77,110,3,25.7,67.0,12.2,7.99,6.9,161.99
INST_017,Vidyalankar Institute of Technology,Thane,Mechanical Engineering,2024,61,95,3,20.3,69.1,10.0,8.47,6.9,160.95
INST_017,Vidyalankar Institute of Technology,Thane,Civil Engineering,2019,42,50,4,10.5,56.7,8.5,4.66,6.4,106.86
INST_017,Vidyalankar Institute of Technology,Thane,Civil Engineering,2020,50,65,3,16.7,56.2,12.8,7.13,6.4,142.87
INST_017,Vidyalankar Institute of Technology,Thane,Civil Engineering,2021,35,50,3,11.7,61.1,8.8,7.05,6.4,137.07
INST_017,Vidyalankar Institute of Technology,Thane,Civil Engineering,2022,31,45,3,10.3,69.4,9.4,6.68,6.4,159.77
INST_017,Vidyalankar Institute of Technology,Thane,Civil Engineering,2023,32,50,3,10.7,70.5,10.6,8.07,6.4,162.09
INST_017,Vidyalankar Institute of Technology,Thane,Civil Engineering,2024,21,35,3,7.0,76.2,7.2,9.05,6.4,188.32
INST_017,Vidyalankar Institute of Technology,Thane,MBA / Management Studies,2019,45,60,3,15.0,82.6,4.6,8.71,7.7,100.98
INST_017,Vidyalankar Institute of Technology,Thane,MBA / Management Studies,2020,48,55,3,16.0,83.8,9.1,9.89,7.7,129.72
INST_017,Vidyalankar Institute of Technology,Thane,MBA / Management Studies,2021,68,70,3,22.7,72.2,8.3,10.58,7.7,126.15
INST_017,Vidyalankar Institute of Technology,Thane,MBA / Management Studies,2022,75,75,3,25.0,80.3,7.8,11.42,7.7,151.6
INST_017,Vidyalankar Institute of Technology,Thane,MBA / Management Studies,2023,70,70,4,17.5,85.1,6.4,10.91,7.7,159.78
INST_017,Vidyalankar Institute of Technology,Thane,MBA / Management Studies,2024,75,75,4,18.8,90.3,6.6,12.82,7.7,178.52
INST_018,Terna Engineering College,Thane,Computer Engineering,2019,88,110,5,17.6,83.4,5.5,11.3,6.2,146.05
INST_018,Terna Engineering College,Thane,Computer Engineering,2020,120,130,6,20.0,79.9,10.4,12.45,6.2,149.07
INST_018,Terna Engineering College,Thane,Computer Engineering,2021,150,150,8,18.8,82.9,4.7,13.22,6.2,167.53
INST_018,Terna Engineering College,Thane,Computer Engineering,2022,150,150,8,18.8,87.5,6.0,12.94,6.2,182.28
INST_018,Terna Engineering College,Thane,Computer Engineering,2023,160,160,12,13.3,90.4,4.2,12.58,6.2,205.01
INST_018,Terna Engineering College,Thane,Computer Engineering,2024,170,170,9,18.9,90.8,5.8,14.53,6.2,197.72
INST_018,Terna Engineering College,Thane,Electronics & Telecommunication,2019,108,130,7,15.4,75.1,6.0,7.52,6.5,104.75
INST_018,Terna Engineering College,Thane,Electronics & Telecommunication,2020,90,110,7,12.9,66.6,8.5,8.66,6.5,116.79
INST_018,Terna Engineering College,Thane,Electronics & Telecommunication,2021,95,110,5,19.0,72.6,6.9,9.4,6.5,113.96
INST_018,Terna Engineering College,Thane,Electronics & Telecommunication,2022,117,120,6,19.5,78.1,7.1,10.39,6.5,131.71
INST_018,Terna Engineering College,Thane,Electronics & Telecommunication,2023,130,130,6,21.7,85.0,7.8,10.74,6.5,160.29
INST_018,Terna Engineering College,Thane,Electronics & Telecommunication,2024,110,110,7,15.7,81.7,7.8,11.6,6.5,162.99
INST_018,Terna Engineering College,Thane,Mechanical Engineering,2019,94,120,7,13.4,70.1,9.5,6.17,6.9,125.06
INST_018,Terna Engineering College,Thane,Mechanical Engineering,2020,78,105,6,13.0,62.7,10.2,7.0,6.9,152.77
INST_018,Terna Engineering College,Thane,Mechanical Engineering,2021,91,120,5,18.2,60.5,8.9,7.15,6.9,152.81
INST_018,Terna Engineering College,Thane,Mechanical Engineering,2022,77,115,5,15.4,74.2,8.3,7.49,6.9,163.7
INST_018,Terna Engineering College,Thane,Mechanical Engineering,2023,66,100,5,13.2,73.8,7.1,8.81,6.9,163.73
INST_018,Terna Engineering College,Thane,Mechanical Engineering,2024,54,85,3,18.0,74.0,11.4,8.58,6.9,183.97
INST_018,Terna Engineering College,Thane,Civil Engineering,2019,55,70,3,18.3,57.9,10.7,6.18,7.1,111.44
INST_018,Terna Engineering College,Thane,Civil Engineering,2020,43,55,3,14.3,61.3,13.3,7.18,7.1,130.34
INST_018,Terna Engineering College,Thane,Civil Engineering,2021,42,60,3,14.0,58.9,9.5,6.75,7.1,156.04
INST_018,Terna Engineering College,Thane,Civil Engineering,2022,33,45,3,11.0,72.3,8.1,7.64,7.1,147.5
INST_018,Terna Engineering College,Thane,Civil Engineering,2023,20,30,3,6.7,73.8,6.7,8.7,7.1,167.37
INST_018,Terna Engineering College,Thane,Civil Engineering,2024,21,35,3,7.0,76.9,8.7,9.04,7.1,183.44
INST_018,Terna Engineering College,Thane,MBA / Management Studies,2019,39,50,3,13.0,80.2,4.0,9.55,7.1,112.59
INST_018,Terna Engineering College,Thane,MBA / Management Studies,2020,56,65,4,14.0,73.9,8.0,9.82,7.1,127.43
INST_018,Terna Engineering College,Thane,MBA / Management Studies,2021,73,80,3,24.3,73.6,7.2,10.36,7.1,142.43
INST_018,Terna Engineering College,Thane,MBA / Management Studies,2022,65,65,3,21.7,80.5,5.9,11.65,7.1,156.65
INST_018,Terna Engineering College,Thane,MBA / Management Studies,2023,90,90,5,18.0,86.4,6.7,11.29,7.1,170.95
INST_018,Terna Engineering College,Thane,MBA / Management Studies,2024,95,95,6,15.8,87.3,6.2,11.95,7.1,173.08
